name,mark
Student 001,86
Student 002,72
Student 003,91
Student 004,35
Student 005,64
Student 006,48
Student 007,77
Student 008,83
Student 009,59
Student 010,94
Student 011,41
Student 012,68
Student 013,52
Student 014,88
Student 015,73
Student 016,39
Student 017,96
Student 018,61
Student 019,80
Student 020,45
Student 021,70
Student 022,55
Student 023,89
Student 024,63
Student 025,32
Student 026,78
Student 027,84
Student 028,47
Student 029,92
Student 030,66
Student 031,58
Student 032,74
Student 033,99
Student 034,43
Student 035,81
Student 036,69
Student 037,37
Student 038,87
Student 039,53
Student 040,76
Student 041,90
Student 042,62
Student 043,49
Student 044,85
Student 045,71
Student 046,56
Student 047,93
Student 048,44
Student 049,67
Student 050,79
Student 051,34
Student 052,82
Student 053,60
Student 054,97
Student 055,51
Student 056,75
Student 057,88
Student 058,40
Student 059,65
Student 060,73
Student 061,95
Student 062,57
Student 063,46
Student 064,83
Student 065,68
Student 066,31
Student 067,91
Student 068,54
Student 069,77
Student 070,86
Student 071,42
Student 072,63
Student 073,98
Student 074,72
Student 075,50
Student 076,89
Student 077,36
Student 078,80
Student 079,66
Student 080,94
Student 081,59
Student 082,74
Student 083,48
Student 084,87
Student 085,61
Student 086,99
Student 087,43
Student 088,70
Student 089,82
Student 090,55
Student 091,92
Student 092,39
Student 093,76
Student 094,64
Student 095,85
Student 096,47
Student 097,96
Student 098,58
Student 099,71
Student 100,33
